key	kind	category	categorySortOrder	sortOrder	name	contents	traderPrice	basePrice	generalPrice	partnerPrice	tenantPrice	note	source	sourceRow
main-item-0002	item	Медицина	1	1	Дозиметр внутреннего излучения		190.00	130.00	162.50	156.00	153.40		main	3
main-item-0003	item	Медицина	1	2	Коробка чистых иголок		150.00	130.00	162.50	156.00	153.40		main	4
main-item-0004	item	Медицина	1	3	Химическая грелка		1200.00	800.00	1000.00	960.00	944.00		main	5
main-item-0005	item	Медицина	1	4	Тряпка		480.00	300.00	375.00	360.00	354.00		main	6
main-item-0006	item	Медицина	1	5	Бинты (2 перевязки, не стерильный)		400.00	260.00	325.00	312.00	306.80		main	7
main-item-0007	item	Медицина	1	6	Бинт (4 перевязки, стерильный)		1800.00	1200.00	1500.00	1440.00	1416.00		main	8
main-item-0008	item	Медицина	1	7	Резиновый жгут		600.00	400.00	500.00	480.00	472.00		main	9
main-item-0009	item	Медицина	1	8	Жгут-турникет			1000.00	1250.00	1200.00	1180.00		main	10
main-item-0010	item	Медицина	1	9	Шина		1500.00	1000.00	1250.00	1200.00	1180.00		main	11
main-item-0011	item	Медицина	1	10	Антирад в таблетках (2 штуки)		330.00	220.00	275.00	264.00	259.60		main	12
main-item-0012	item	Медицина	1	11	Антирад в таблетках (20 штук)		2600.00	1700.00	2125.00	2040.00	2006.00		main	13
main-item-0013	item	Медицина	1	12	РАД-Х		8250.00	5500.00	6875.00	6600.00	6490.00		main	14
main-item-0014	item	Медицина	1	13	Стандартная аптечка		3000.00	2000.00	2500.00	2400.00	2360.00		main	15
main-item-0016	item	Медицина	1	14	Хлорные таблетки		600.00	400.00	500.00	480.00	472.00		main	17
main-item-0017	item	Медицина	1	15	Таблетки тетрациклина		5400.00	3600.00	4500.00	4320.00	4248.00		main	18
main-item-0018	item	Медицина	1	16	Морфин		6000.00	4000.00	5000.00	4800.00	4720.00		main	19
main-item-0019	item	Медицина	1	17	Адреналин		600.00	400.00	500.00	480.00	472.00		main	20
main-item-0020	item	Медицина	1	18	Пакет физраствора		7500.00	5000.00	6250.00	6000.00	5900.00		main	21
main-item-0021	item	Медицина	1	19	Набор для переливания		80.00	50.00	62.50	60.00	59.00		main	22
main-item-0022	item	Медицина	1	20	Комплект для сбора крови		230.00	150.00	187.50	180.00	177.00		main	23
main-item-0023	item	Медицина	1	21	Набор для определения группы крови		50.00	30.00	37.50	36.00	35.40		main	24
main-item-0024	item	Медицина	1	22	Таблетки с кодеином		3000.00	2000.00	2500.00	2400.00	2360.00		main	25
main-item-0025	item	Медицина	1	23	Активированный уголь		600.00	400.00	500.00	480.00	472.00		main	26
main-item-0026	item	Медицина	1	24	Таблетки с мультивинаминами		9750.00	6500.00	8125.00	7800.00	7670.00		main	27
main-item-0027	item	Медицина	1	25	Дезинфицирующий спрей		230.00	150.00	187.50	180.00	177.00		main	28
main-item-0028	item	Медицина	1	26	Медицинский термометр		80.00	50.00	62.50	60.00	59.00		main	29
main-item-0029	item	Медицина	1	27	Настройка йода		600.00	400.00	500.00	480.00	472.00		main	30
main-item-0030	item	Медицина	1	28	RAD-Z кустарный		22500.00	15000.00	18750.00	18000.00	17700.00		main	31
main-item-0031	item	Медицина	1	29	RAD-Z армейский			27000.00	33750.00	32400.00	31860.00		main	32
main-item-0032	item	Медицина	1	30	Барвинок		3000.00	2000.00	2500.00	2400.00	2360.00		main	33
main-item-0033	item	Медицина	1	31	Хелатные таблетки			1600.00	2000.00	1920.00	1888.00		main	34
main-item-0035	item	Патроны И Магазины	2	1	5.45x39 ПС [7Н6М] — Обычный		4280.00	2840.00	3550.00	3408.00	3351.20	Предлагать только пачкой по 4 россыпи (40 патрон)	main	36
main-item-0398	item	Патроны И Магазины	2	2	5.45x39 БС [7Н24] — Бронебойный			11560.00	14450.00	13872.00	13640.80	Предлагать только пачкой по 4 россыпи (40 патрон)	main	
main-item-0036	item	Патроны И Магазины	2	3	5.45x39 HP — Экспансивный		2360.00	1600.00	2000.00	1920.00	1888.00	Предлагать только пачкой по 4 россыпи (40 патрон)	main	37
main-item-0037	item	Патроны И Магазины	2	4	5.45x39 ТМ [7Т3М] — Трассер		3480.00	2320.00	2900.00	2784.00	2737.60	Предлагать только пачкой по 4 россыпи (40 патрон)	main	38
main-item-0038	item	Патроны И Магазины	2	5	5.45x39 ПС [7Н6] — Отсыревший		1240.00	840.00	1050.00	1008.00	991.20	Предлагать только пачкой по 4 россыпи (40 патрон)	main	39
main-item-0039	item	Патроны И Магазины	2	6	7.62x39 ПС [57-Н-231] — Обычный		3960.00	2640.00	3300.00	3168.00	3115.20	Предлагать только пачкой по 4 россыпи (40 патрон)	main	40
main-item-0399	item	Патроны И Магазины	2	7	7.62x39 БП [7Н23] — Бронебойный			10720.00	13400.00	12864.00	12649.60	Предлагать только пачкой по 4 россыпи (40 патрон)	main	
main-item-0040	item	Патроны И Магазины	2	8	7.62x39 HP — Экспансивный		2560.00	1680.00	2100.00	2016.00	1982.40	Предлагать только пачкой по 4 россыпи (40 патрон)	main	41
main-item-0041	item	Патроны И Магазины	2	9	7.62x39 Т-45М [57-Т-231ПМ1] — Трассер		3280.00	2160.00	2700.00	2592.00	2548.80	Предлагать только пачкой по 4 россыпи (40 патрон)	main	42
main-item-0042	item	Патроны И Магазины	2	10	7.62x39 ПС [57-Н-231] — Отсыревший		1120.00	760.00	950.00	912.00	896.80	Предлагать только пачкой по 4 россыпи (40 патрон)	main	43
main-item-0400	item	Патроны И Магазины	2	11	7.62x54 ПС [7Н1] — Обычный			200.00	250.00	240.00	236.00	Предлагать только пачкой по 2 россыпи (20 патрон)	main	
main-item-0043	item	Патроны И Магазины	2	12	7.62x54 SP BT — Обычный			4360.00	5450.00	5232.00	5144.80	Предлагать только пачкой по 2 россыпи (20 патрон)	main	44
main-item-0044	item	Патроны И Магазины	2	13	7.62x54 ЛПС [57-Н-323С] — Отсыревший		3700.00	2460.00	3075.00	2952.00	2902.80	Предлагать только пачкой по 2 россыпи (20 патрон)	main	45
main-item-0045	item	Патроны И Магазины	2	14	5.56x45 [M855] — Обычный		4480.00	3000.00	3750.00	3600.00	3540.00	Предлагать только пачкой по 4 россыпи (40 патрон)	main	46
main-item-0401	item	Патроны И Магазины	2	15	5.56x45 [M995] — Бронебойный			11880.00	14850.00	14256.00	14018.40	Предлагать только пачкой по 4 россыпи (40 патрон)	main	
main-item-0046	item	Патроны И Магазины	2	16	5.56x45 HP — Экспансивный		2360.00	1600.00	2000.00	1920.00	1888.00	Предлагать только пачкой по 4 россыпи (40 патрон)	main	47
main-item-0047	item	Патроны И Магазины	2	17	5.56x45 [M856] — Трассер		3560.00	2400.00	3000.00	2880.00	2832.00	Предлагать только пачкой по 4 россыпи (40 патрон)	main	48
main-item-0048	item	Патроны И Магазины	2	18	5.56x45 [FMJ] — Обычный		1480.00	1000.00	1250.00	1200.00	1180.00	Предлагать только пачкой по 4 россыпи (40 патрон)	main	49
main-item-0402	item	Патроны И Магазины	2	19	7.62x51 [M61] — Обычный			180.00	225.00	216.00	212.40	Предлагать только пачкой по 2 россыпи (20 патрон)	main	
main-item-0049	item	Патроны И Магазины	2	20	7.62x51 [ТПЗ SP] — Обычный			4020.00	5025.00	4824.00	4743.60	Предлагать только пачкой по 2 россыпи (20 патрон)	main	50
main-item-0050	item	Патроны И Магазины	2	21	7.62x51 [M80] — Отсыревший		3300.00	2200.00	2750.00	2640.00	2596.00	Предлагать только пачкой по 2 россыпи (20 патрон)	main	51
main-item-0051	item	Патроны И Магазины	2	22	9x39 СП-5 — Обычный			8360.00	10450.00	10032.00	9864.80	Предлагать только пачкой по 4 россыпи (40 патрон)	main	52
main-item-0052	item	Патроны И Магазины	2	23	9x39 СП-5 — Отсыревший		4400.00	2680.00	3350.00	3216.00	3162.40	Предлагать только пачкой по 4 россыпи (40 патрон)	main	53
main-item-0053	item	Патроны И Магазины	2	24	.300 Обычный			9320.00	11650.00	11184.00	10997.60	Предлагать только пачкой по 4 россыпи (40 патрон)	main	54
main-item-0054	item	Патроны И Магазины	2	25	.300 Отсыревший		4880.00	3240.00	4050.00	3888.00	3823.20	Предлагать только пачкой по 4 россыпи (40 патрон)	main	55
main-item-0055	item	Патроны И Магазины	2	26	7.92x57 Mauser — Обычный			15840.00	19800.00	19008.00	18691.20	Предлагать только пачкой по 2 россыпи (20 патрон)	main	56
main-item-0056	item	Патроны И Магазины	2	27	7.92x57 Mauser — Отсыревший		3380.00	2300.00	2875.00	2760.00	2714.00	Предлагать только пачкой по 2 россыпи (20 патрон)	main	57
main-item-0058	item	Патроны И Магазины	2	28	Картечь П 8.5мм [12x70]		6240.00	4160.00	5200.00	4992.00	4908.80	Предлагать только пачкой по 2 россыпи (20 патрон)	main	59
main-item-0059	item	Патроны И Магазины	2	29	Пуля Полёва 6 [12x70]		2240.00	1500.00	1875.00	1800.00	1770.00	Предлагать только пачкой по 2 россыпи (20 патрон)	main	60
main-item-0403	item	Патроны И Магазины	2	30	Пуля Гуаланди [12x70]			4800.00	6000.00	5760.00	5664.00	Предлагать только пачкой по 2 россыпи (20 патрон)	main	
main-item-0057	item	Патроны И Магазины	2	31	Картечь «4»		3280.00	2180.00	2725.00	2616.00	2572.40	Предлагать только пачкой по 2 россыпи (20 патрон)	main	58
main-item-0060	item	Патроны И Магазины	2	32	Rainer Plated FP Обычный (.50)			24780.00	30975.00	29736.00	29240.40	Предлагать только пачкой по 2 россыпи (20 патрон)	main	61
main-item-0061	item	Патроны И Магазины	2	33	9x18 ПМ П [57-Н-181-01] — Обычный		1200.00	800.00	1000.00	960.00	944.00	Предлагать только пачкой по 5 россыпи (50 патрон)	main	62
main-item-0062	item	Патроны И Магазины	2	34	9x18 ПММ [7Н16] — Бронебойный		2750.00	1850.00	2312.50	2220.00	2183.00	Предлагать только пачкой по 5 россыпи (50 патрон)	main	63
main-item-0063	item	Патроны И Магазины	2	35	9x18 ПБМ [7Н25] — Бронебойный		4600.00	3050.00	3812.50	3660.00	3599.00	Предлагать только пачкой по 5 россыпи (50 патрон)	main	64
main-item-0064	item	Патроны И Магазины	2	36	9x18 ПМ СП7 — Экспансивный		850.00	600.00	750.00	720.00	708.00	Предлагать только пачкой по 5 россыпи (50 патрон)	main	65
main-item-0065	item	Патроны И Магазины	2	37	9x19 ПСТ [7Н21] — Обычный		1300.00	900.00	1125.00	1080.00	1062.00	Предлагать только пачкой по 5 россыпи (50 патрон)	main	66
main-item-0066	item	Патроны И Магазины	2	38	9x19 ПБП [7Н31] — Бронебойный		4700.00	3250.00	4062.50	3900.00	3835.00	Предлагать только пачкой по 5 россыпи (50 патрон)	main	67
main-item-0067	item	Патроны И Магазины	2	39	9x19 QuakeMaker — Экспансивный		1100.00	700.00	875.00	840.00	826.00	Предлагать только пачкой по 5 россыпи (50 патрон)	main	68
main-item-0068	item	Патроны И Магазины	2	40	9x19 G2 Research — RIP			750.00	937.50	900.00	885.00	Предлагать только пачкой по 5 россыпи (50 патрон)	main	69
main-item-0069	item	Патроны И Магазины	2	41	.45 ACP FMJ — Обычный		1550.00	1050.00	1312.50	1260.00	1239.00	Предлагать только пачкой по 5 россыпи (50 патрон)	main	70
main-item-0070	item	Патроны И Магазины	2	42	.45 ACP AP — Бронебойный		5650.00	3800.00	4750.00	4560.00	4484.00	Предлагать только пачкой по 5 россыпи (50 патрон)	main	71
main-item-0071	item	Патроны И Магазины	2	43	.45 ACP JHP — Экспансивный		1300.00	850.00	1062.50	1020.00	1003.00	Предлагать только пачкой по 5 россыпи (50 патрон)	main	72
main-item-0072	item	Патроны И Магазины	2	44	.45 ACP G2 Research — RIP			850.00	1062.50	1020.00	1003.00	Предлагать только пачкой по 5 россыпи (50 патрон)	main	73
main-item-0073	item	Патроны И Магазины	2	45	.357 SIG FMJ-FP — Обычный		3400.00	2250.00	2812.50	2700.00	2655.00	Предлагать только пачкой по 5 россыпи (50 патрон)	main	74
main-item-0074	item	Патроны И Магазины	2	46	.357 SIG JHP — Экспансивный			1100.00	1375.00	1320.00	1298.00	Предлагать только пачкой по 5 россыпи (50 патрон)	main	75
main-item-0075	item	Патроны И Магазины	2	47	Магазин ПП-19-01 «Витязь» 30 патронов		1125.00	750.00	937.50	900.00	885.00		main	76
main-item-0076	item	Патроны И Магазины	2	48	Магазин ПП-91 «Кедр» 20 патронов		975.00	650.00	812.50	780.00	767.00		main	77
main-item-0077	item	Патроны И Магазины	2	49	Магазин ПП-91 «Кедр» 30 патронов		1500.00	1000.00	1250.00	1200.00	1180.00		main	78
main-item-0078	item	Патроны И Магазины	2	50	Магазин ПМ 8 патронов		450.00	300.00	375.00	360.00	354.00		main	79
main-item-0079	item	Патроны И Магазины	2	51	Магазин SIG Sauer P226 15 патронов		1050.00	700.00	875.00	840.00	826.00		main	80
main-item-0080	item	Патроны И Магазины	2	52	Магазин AUG 25 патронов (.45ACP)		1800.00	1200.00	1500.00	1440.00	1416.00		main	81
main-item-0081	item	Патроны И Магазины	2	53	Магазин СКС 20 патронов			1000.00	1250.00	1200.00	1180.00		main	82
main-item-0082	item	Патроны И Магазины	2	54	Магазин Сайга-12 5 патронов			600.00	750.00	720.00	708.00		main	83
main-item-0083	item	Патроны И Магазины	2	55	Магазин Сайга-12 8 патронов			1000.00	1250.00	1200.00	1180.00		main	84
main-item-0085	item	Еда И Вода	3	1	Пачка сигарет (Ассортимент)		200.00	130.00	162.50	156.00	153.40		main	86
main-item-0086	item	Еда И Вода	3	2	Сухое молоко		7050.00	4700.00	5875.00	5640.00	5546.00		main	87
main-item-0087	item	Еда И Вода	3	3	Консервы «Завтрак туриста»		5400.00	3600.00	4500.00	4320.00	4248.00		main	88
main-item-0088	item	Еда И Вода	3	4	Банка бобов		3530.00	2350.00	2937.50	2820.00	2773.00		main	89
main-item-0089	item	Еда И Вода	3	5	Банка горошка		2850.00	1900.00	2375.00	2280.00	2242.00		main	90
main-item-0090	item	Еда И Вода	3	6	Банка маслин		6300.00	4200.00	5250.00	5040.00	4956.00		main	91
main-item-0091	item	Еда И Вода	3	7	Банка тушеной свинины		8550.00	5700.00	7125.00	6840.00	6726.00		main	92
main-item-0092	item	Еда И Вода	3	8	Банка сардин		13050.00	8700.00	10875.00	10440.00	10266.00		main	93
main-item-0093	item	Еда И Вода	3	9	Колбаса		2400.00	1600.00	2000.00	1920.00	1888.00		main	94
main-item-0094	item	Еда И Вода	3	10	Хлеб		1650.00	1100.00	1375.00	1320.00	1298.00		main	95
main-item-0095	item	Еда И Вода	3	11	Галеты		1280.00	850.00	1062.50	1020.00	1003.00		main	96
main-item-0096	item	Еда И Вода	3	12	Фляга (1000 мл.)		6300.00	4200.00	5250.00	5040.00	4956.00		main	97
main-item-0097	item	Еда И Вода	3	13	Пластиковая бутылка (1000 мл. с ремнем для пояса)		6300.00	4200.00	5250.00	5040.00	4956.00		main	98
main-item-0098	item	Еда И Вода	3	14	Фляга советская (800 мл.)		5030.00	3350.00	4187.50	4020.00	3953.00		main	99
main-item-0099	item	Еда И Вода	3	15	Фляга ВДВ (1500 мл.)			6300.00	7875.00	7560.00	7434.00		main	100
main-item-0100	item	Еда И Вода	3	16	Пластиковая бутылка (1000 мл)		6300.00	4200.00	5250.00	5040.00	4956.00		main	101
main-item-0101	item	Еда И Вода	3	17	Квас		530.00	350.00	437.50	420.00	413.00		main	102
main-item-0102	item	Еда И Вода	3	18	Напиток NON STOP		1050.00	700.00	875.00	840.00	826.00		main	103
main-item-0103	item	Еда И Вода	3	19	Водка Казаки		750.00	500.00	625.00	600.00	590.00		main	104
main-item-0105	item	Расходники И Полезное Снаряжение	4	1	Контейнер для артефактов (1 штука. Крепится на пояс)		10500.00	7000.00	8750.00	8400.00	8260.00		main	106
main-item-0106	item	Расходники И Полезное Снаряжение	4	2	Контейнер для артефактов (2 штуки. Не крепится на пояс)			15000.00	18750.00	18000.00	17700.00		main	107
main-item-0107	item	Расходники И Полезное Снаряжение	4	3	Контейнер для артефактов (3 штуки. Крепится на пояс)			100000.00	125000.00	120000.00	118000.00		main	108
main-item-0108	item	Расходники И Полезное Снаряжение	4	4	ПДА		18000.00	12000.00	15000.00	14400.00	14160.00		main	109
main-item-0109	item	Расходники И Полезное Снаряжение	4	5	Детектор Отклик		22500.00	15000.00	18750.00	18000.00	17700.00		main	110
main-item-0110	item	Расходники И Полезное Снаряжение	4	6	Дозиметр 110		7500.00	5000.00	6250.00	6000.00	5900.00		main	111
main-item-0111	item	Расходники И Полезное Снаряжение	4	7	Дозиметр 170		14250.00	9500.00	11875.00	11400.00	11210.00		main	112
main-item-0112	item	Расходники И Полезное Снаряжение	4	8	Дозиметр 230		24000.00	16000.00	20000.00	19200.00	18880.00		main	113
main-item-0113	item	Расходники И Полезное Снаряжение	4	9	Дозиметр 290			30000.00	37500.00	36000.00	35400.00		main	114
main-item-0114	item	Расходники И Полезное Снаряжение	4	10	Дозиметр 350			60000.00	75000.00	72000.00	70800.00		main	115
main-item-0115	item	Расходники И Полезное Снаряжение	4	11	Наручный дозиметр 110		15000.00	10000.00	12500.00	12000.00	11800.00		main	116
main-item-0116	item	Расходники И Полезное Снаряжение	4	12	Наручный дозиметр 170		22500.00	15000.00	18750.00	18000.00	17700.00		main	117
main-item-0117	item	Расходники И Полезное Снаряжение	4	13	Наручный дозиметр 230		43500.00	29000.00	36250.00	34800.00	34220.00		main	118
main-item-0118	item	Расходники И Полезное Снаряжение	4	14	Наручный дозиметр 290			50000.00	62500.00	60000.00	59000.00		main	119
main-item-0119	item	Расходники И Полезное Снаряжение	4	15	Батарейка		750.00	500.00	625.00	600.00	590.00		main	120
main-item-0120	item	Расходники И Полезное Снаряжение	4	16	Опознавательный жетон (Агропром)		75000.00	50000.00	62500.00	60000.00	59000.00		main	121
main-item-0121	item	Расходники И Полезное Снаряжение	4	17	Кошелёк		2250.00	1500.00	1875.00	1800.00	1770.00		main	122
main-item-0122	item	Расходники И Полезное Снаряжение	4	18	Мешок		1130.00	750.00	937.50	900.00	885.00		main	123
main-item-0123	item	Расходники И Полезное Снаряжение	4	19	Ремкомплект Противогазы		22500.00	15000.00	18750.00	18000.00	17700.00		main	124
main-item-0124	item	Расходники И Полезное Снаряжение	4	20	Ремкомплект Пистолет RU			5000.00	6250.00	6000.00	5900.00		main	125
main-item-0125	item	Расходники И Полезное Снаряжение	4	21	Ремкомплект Дробовик RU			10000.00	12500.00	12000.00	11800.00		main	126
main-item-0126	item	Расходники И Полезное Снаряжение	4	22	Ремкомплект ПП RU			10000.00	12500.00	12000.00	11800.00		main	127
main-item-0127	item	Расходники И Полезное Снаряжение	4	23	Ремкомплект Пистолет NATO			5000.00	6250.00	6000.00	5900.00		main	128
main-item-0128	item	Расходники И Полезное Снаряжение	4	24	Ремкомплект Дробовик NATO			10000.00	12500.00	12000.00	11800.00		main	129
main-item-0129	item	Расходники И Полезное Снаряжение	4	25	Ремкомплект ПП NATO			10000.00	12500.00	12000.00	11800.00		main	130
main-item-0130	item	Расходники И Полезное Снаряжение	4	26	Набор для шитья		1500.00	1000.00	1250.00	1200.00	1180.00		main	131
main-item-0131	item	Расходники И Полезное Снаряжение	4	27	Набор инструментов скорняка		2250.00	1500.00	1875.00	1800.00	1770.00		main	132
main-item-0132	item	Расходники И Полезное Снаряжение	4	28	Компас		380.00	250.00	312.50	300.00	295.00		main	133
main-item-0133	item	Расходники И Полезное Снаряжение	4	29	Спички		190.00	130.00	162.50	156.00	153.40		main	134
main-item-0134	item	Расходники И Полезное Снаряжение	4	30	Фонарик		380.00	250.00	312.50	300.00	295.00		main	135
main-item-0135	item	Расходники И Полезное Снаряжение	4	31	Фонарик на нашивку		750.00	500.00	625.00	600.00	590.00		main	136
main-item-0136	item	Расходники И Полезное Снаряжение	4	32	Налобный фонарик (белый свет)		1500.00	1000.00	1250.00	1200.00	1180.00		main	137
main-item-0137	item	Расходники И Полезное Снаряжение	4	33	Химсвет (зеленый)		230.00	150.00	187.50	180.00	177.00		main	138
main-item-0138	item	Расходники И Полезное Снаряжение	4	34	Мегафон			6000.00	7500.00	7200.00	7080.00		main	139
main-item-0139	item	Расходники И Полезное Снаряжение	4	35	Веревка		750.00	500.00	625.00	600.00	590.00		main	140
main-item-0140	item	Расходники И Полезное Снаряжение	4	36	Тренога для костра		900.00	600.00	750.00	720.00	708.00		main	141
main-item-0141	item	Расходники И Полезное Снаряжение	4	37	Кастрюля		7500.00	5000.00	6250.00	6000.00	5900.00		main	142
main-item-0142	item	Расходники И Полезное Снаряжение	4	38	Бумага		150.00	100.00	125.00	120.00	118.00		main	143
main-item-0143	item	Расходники И Полезное Снаряжение	4	39	Точильный камень		750.00	500.00	625.00	600.00	590.00		main	144
main-item-0144	item	Расходники И Полезное Снаряжение	4	40	Набор шахмат		2250.00	1500.00	1875.00	1800.00	1770.00		main	145
main-item-0145	item	Расходники И Полезное Снаряжение	4	41	Наручники			700.00	875.00	840.00	826.00		main	146
main-item-0146	item	Расходники И Полезное Снаряжение	4	42	Ключи от наручников			300.00	375.00	360.00	354.00		main	147
main-item-0147	item	Расходники И Полезное Снаряжение	4	43	Фильтр I (14 минут)		230.00	150.00	187.50	180.00	177.00		main	148
main-item-0148	item	Расходники И Полезное Снаряжение	4	44	Фильтр II (21 минут)		450.00	300.00	375.00	360.00	354.00		main	149
main-item-0149	item	Расходники И Полезное Снаряжение	4	45	Бинокль		9000.00	6000.00	7500.00	7200.00	7080.00		main	150
main-item-0150	item	Расходники И Полезное Снаряжение	4	46	Фальшфейер		300.00	200.00	250.00	240.00	236.00		main	151
main-item-0151	item	Расходники И Полезное Снаряжение	4	47	Баллон с сжатым воздухом 2 часа		4500.00	3000.00	3750.00	3600.00	3540.00		main	152
main-item-0152	item	Расходники И Полезное Снаряжение	4	48	Баллон с сжатым воздухом 4 часа		9000.00	6000.00	7500.00	7200.00	7080.00		main	153
main-item-0153	item	Расходники И Полезное Снаряжение	4	49	Радиоприёмник		1130.00	750.00	937.50	900.00	885.00		main	154
main-item-0154	item	Расходники И Полезное Снаряжение	4	50	Кассета с музыкой (Ассортимент. 6 касет)		1130.00	750.00	937.50	900.00	885.00		main	155
main-item-0155	item	Расходники И Полезное Снаряжение	4	51	Мультитул		7500.00	5000.00	6250.00	6000.00	5900.00		main	156
main-item-0156	item	Расходники И Полезное Снаряжение	4	52	Фотоаппарат Зенит		9000.00	6000.00	7500.00	7200.00	7080.00		main	157
main-item-0157	item	Расходники И Полезное Снаряжение	4	53	Фотоаппарат Canon		18000.00	12000.00	15000.00	14400.00	14160.00		main	158
main-item-0158	item	Расходники И Полезное Снаряжение	4	54	Видеокамера			10000.00	12500.00	12000.00	11800.00		main	159
main-item-0159	item	Расходники И Полезное Снаряжение	4	55	Консервный нож		2250.00	1500.00	1875.00	1800.00	1770.00		main	160
main-item-0160	item	Расходники И Полезное Снаряжение	4	56	Кирка		13500.00	9000.00	11250.00	10800.00	10620.00		main	161
main-item-0161	item	Расходники И Полезное Снаряжение	4	57	ДРГ 110		7500.00	5000.00	6250.00	6000.00	5900.00		main	162
main-item-0162	item	Расходники И Полезное Снаряжение	4	58	ДРГ 290		30000.00	20000.00	25000.00	24000.00	23600.00		main	163
main-item-0163	item	Расходники И Полезное Снаряжение	4	59	Оружейный Mag Charger			200000.00	250000.00	240000.00	236000.00		main	164
main-item-0164	item	Расходники И Полезное Снаряжение	4	60	Часы		190.00	130.00	162.50	156.00	153.40		main	165
main-item-0165	item	Расходники И Полезное Снаряжение	4	61	СПА-1		12000.00	8000.00	10000.00	9600.00	9440.00		main	166
main-item-0166	item	Расходники И Полезное Снаряжение	4	62	Radio Kenwood		1350.00	900.00	1125.00	1080.00	1062.00		main	167
main-item-0167	item	Расходники И Полезное Снаряжение	4	63	Radio Yaesu			6000.00	7500.00	7200.00	7080.00		main	168
main-item-0168	item	Расходники И Полезное Снаряжение	4	64	Дрова		2250.00	1500.00	1875.00	1800.00	1770.00		main	169
main-item-0169	item	Расходники И Полезное Снаряжение	4	65	Ручка		150.00	100.00	125.00	120.00	118.00		main	170
main-item-0170	item	Расходники И Полезное Снаряжение	4	66	Зажигалка		2250.00	1500.00	1875.00	1800.00	1770.00		main	171
main-item-0171	item	Расходники И Полезное Снаряжение	4	67	Ножны		1500.00	1000.00	1250.00	1200.00	1180.00		main	172
main-item-0172	item	Расходники И Полезное Снаряжение	4	68	Налобный фонарик (красный свет)		3000.00	2000.00	2500.00	2400.00	2360.00		main	173
main-item-0173	item	Расходники И Полезное Снаряжение	4	69	Туристическая карта (общая)		3750.00	2500.00	3125.00	3000.00	2950.00		main	174
main-item-0174	item	Расходники И Полезное Снаряжение	4	70	Химсвет (красный)		230.00	150.00	187.50	180.00	177.00		main	175
main-item-0175	item	Расходники И Полезное Снаряжение	4	71	Защитная пластина 1		7500.00	5000.00	6250.00	6000.00	5900.00		main	176
main-item-0176	item	Расходники И Полезное Снаряжение	4	72	Защитная пластина 2			20000.00	25000.00	24000.00	23600.00		main	177
main-item-0177	item	Расходники И Полезное Снаряжение	4	73	Туристическая карта (отдельные районы)		1500.00	1000.00	1250.00	1200.00	1180.00		main	178
main-item-0179	item	Оружие	5	1	ПП-19-01 «Витязь»		31500.00	21000.00	26250.00	25200.00	24780.00		main	180
main-item-0180	item	Оружие	5	2	ПП-91 «Кедр»		12000.00	8000.00	10000.00	9600.00	9440.00		main	181
main-item-0181	item	Оружие	5	3	ИЖ-27		4800.00	3200.00	4000.00	3840.00	3776.00		main	182
main-item-0182	item	Оружие	5	4	Benelli M4		45000.00	30000.00	37500.00	36000.00	35400.00		main	183
main-item-0183	item	Оружие	5	5	Сайга-12			40000.00	50000.00	48000.00	47200.00		main	184
main-item-0184	item	Оружие	5	6	СКС Дерево		28500.00	19000.00	23750.00	22800.00	22420.00		main	185
main-item-0185	item	Оружие	5	7	СКС Тактическая			32000.00	40000.00	38400.00	37760.00		main	186
main-item-0186	item	Оружие	5	8	SIG Sauer P226		7500.00	5000.00	6250.00	6000.00	5900.00		main	187
main-item-0187	item	Оружие	5	9	Пистолет Макарова		1800.00	1200.00	1500.00	1440.00	1416.00		main	188
main-item-0188	item	Оружие	5	10	Mossberg 590		15000.00	10000.00	12500.00	12000.00	11800.00		main	189
main-item-0189	item	Оружие	5	11	Steyr AUG A3 .45ACP		36000.00	24000.00	30000.00	28800.00	28320.00		main	190
main-item-0190	item	Оружие	5	12	Охотничий нож (и аналогичные по цене)		3750.00	2500.00	3125.00	3000.00	2950.00		main	191
main-item-0191	item	Оружие	5	13	Нож охотника (дешевый)		1500.00	1000.00	1250.00	1200.00	1180.00		main	192
main-item-0192	item	Оружие	5	14	Мачете (и аналогичные по цене клинки)			80000.00	100000.00	96000.00	94400.00		main	193
main-item-0193	item	Оружие	5	15	Нож охотника (качественный)		75000.00	50000.00	62500.00	60000.00	59000.00		main	194
main-item-0195	item	Обвесы	6	1	Складной приклад M4A1 (Ассортимент)		1500.00	1000.00	1250.00	1200.00	1180.00		main	196
main-item-0196	item	Обвесы	6	2	Приклад MP для M4A1 (Ассортимент)		4880.00	3250.00	4062.50	3900.00	3835.00		main	197
main-item-0197	item	Обвесы	6	3	Короткий приклад M4A1 (Ассортимент)		1500.00	1000.00	1250.00	1200.00	1180.00		main	198
main-item-0198	item	Обвесы	6	4	Приклад HK E1		4880.00	3250.00	4062.50	3900.00	3835.00		main	199
main-item-0199	item	Обвесы	6	5	Деревянный приклад АК (Ассортимент)		1500.00	1000.00	1250.00	1200.00	1180.00		main	200
main-item-0200	item	Обвесы	6	6	Лёгкий приклад АК (Ассортимент)		4880.00	3250.00	4062.50	3900.00	3835.00		main	201
main-item-0201	item	Обвесы	6	7	Полимерный приклад АК (Ассортимент)		4880.00	3250.00	4062.50	3900.00	3835.00		main	202
main-item-0202	item	Обвесы	6	8	Лёгкий приклад АКС-74У (Ассортимент)		4880.00	3250.00	4062.50	3900.00	3835.00		main	203
main-item-0203	item	Обвесы	6	9	Приклад металлический для АКС-74		1500.00	1000.00	1250.00	1200.00	1180.00		main	204
main-item-0204	item	Обвесы	6	10	Складной приклад для АКМС		1500.00	1000.00	1250.00	1200.00	1180.00		main	205
main-item-0205	item	Обвесы	6	11	Приклад AH-94		4880.00	3250.00	4062.50	3900.00	3835.00		main	206
main-item-0206	item	Обвесы	6	12	Деревянный приклад РПК		4880.00	3250.00	4062.50	3900.00	3835.00		main	207
main-item-0207	item	Обвесы	6	13	Реечное цевьё М4А1		4500.00	3000.00	3750.00	3600.00	3540.00		main	208
main-item-0208	item	Обвесы	6	14	Деревянное цевьё АК (Ассортимент)		1500.00	1000.00	1250.00	1200.00	1180.00		main	209
main-item-0209	item	Обвесы	6	15	Полимерное цевьё АК (Ассортимент)		4500.00	3000.00	3750.00	3600.00	3540.00		main	210
main-item-0210	item	Обвесы	6	16	Деревянное цевьё АК с рукояткой		6750.00	4500.00	5625.00	5400.00	5310.00		main	211
main-item-0211	item	Обвесы	6	17	Цевьё Зенит Б-11 (Ассортимент)		4500.00	3000.00	3750.00	3600.00	3540.00	Черный цвет внизу списка	main	212
main-item-0212	item	Обвесы	6	18	Цевьё Зенит АКС-74У (Б-20 с 3 планками)		4500.00	3000.00	3750.00	3600.00	3540.00		main	213
main-item-0213	item	Обвесы	6	19	Деревянное цевьё АКС-74У с рукояткой		6750.00	4500.00	5625.00	5400.00	5310.00		main	214
main-item-0214	item	Обвесы	6	20	Деревянное цевьё АКС-74У		1500.00	1000.00	1250.00	1200.00	1180.00		main	215
main-item-0215	item	Обвесы	6	21	Цевьё Зенит Б-11 АКС-74У (Ассортимент)		4500.00	3000.00	3750.00	3600.00	3540.00	Черный цвет внизу списка	main	216
main-item-0216	item	Обвесы	6	22	Крышка ствольной коробки АК-74		4500.00	3000.00	3750.00	3600.00	3540.00		main	217
main-item-0217	item	Обвесы	6	23	Крышка ствольной коробки АК-308 Тактическая			12000.00	15000.00	14400.00	14160.00		main	218
main-item-0218	item	Обвесы	6	24	Крышка ствольной коробки АКМ		1500.00	1000.00	1250.00	1200.00	1180.00		main	219
main-item-0219	item	Обвесы	6	25	Крышка ствольной коробки АКС-74У		1500.00	1000.00	1250.00	1200.00	1180.00		main	220
main-item-0220	item	Обвесы	6	26	Крышка ствольной коробки АКС-74У тактическая (С планкой пикатини)		4500.00	3000.00	3750.00	3600.00	3540.00		main	221
main-item-0221	item	Обвесы	6	27	Крышка ствольной коробки ПП-19			1000.00	1250.00	1200.00	1180.00		main	222
main-item-0222	item	Обвесы	6	28	Крышка ствольной коробки ПП-19 тактическая (С планкой пикатини)			6000.00	7500.00	7200.00	7080.00		main	223
main-item-0223	item	Обвесы	6	29	Рукоятка Tango (Ассортимент)		5250.00	3500.00	4375.00	4200.00	4130.00		main	224
main-item-0224	item	Обвесы	6	30	Рукоятка Bravo (Ассортимент)		2250.00	1500.00	1875.00	1800.00	1770.00		main	225
main-item-0225	item	Обвесы	6	31	Пистолетная рукоятка АКМ		4500.00	3000.00	3750.00	3600.00	3540.00		main	226
main-item-0226	item	Обвесы	6	32	Пистолетная рукоятка АК (6П1 Сб.8)		1500.00	1000.00	1250.00	1200.00	1180.00		main	227
main-item-0227	item	Обвесы	6	33	Пистолетная рукоятка АН-94		4500.00	3000.00	3750.00	3600.00	3540.00		main	228
main-item-0228	item	Обвесы	6	34	Пистолетная рукоятка Magpul — стандартная		1500.00	1000.00	1250.00	1200.00	1180.00		main	229
main-item-0229	item	Обвесы	6	35	Пистолетная рукоятка Magpul — качественная		4500.00	3000.00	3750.00	3600.00	3540.00		main	230
main-item-0230	item	Обвесы	6	36	ДТК 5.45 для АК-74 (6П20 0-20)		1130.00	750.00	937.50	900.00	885.00		main	231
main-item-0231	item	Обвесы	6	37	ДТ 5.45 для АКС-74У (6П26 0-20)		1130.00	750.00	937.50	900.00	885.00		main	232
main-item-0232	item	Обвесы	6	38	ДТК 7.62x39 для АКМ (6П10 0-14)		1130.00	750.00	937.50	900.00	885.00		main	233
main-item-0233	item	Обвесы	6	39	ДТК для Сайга-12			3000.00	3750.00	3600.00	3540.00		main	234
main-item-0234	item	Обвесы	6	40	ДТК 5.45 для РПК-16		4500.00	3000.00	3750.00	3600.00	3540.00		main	235
main-item-0235	item	Обвесы	6	41	ДТК для СКС		1130.00	750.00	937.50	900.00	885.00		main	236
main-item-0236	item	Обвесы	6	42	ДТК для AR-15		4500.00	3000.00	3750.00	3600.00	3540.00		main	237
main-item-0237	item	Обвесы	6	43	ДТК-Адаптер Direct Thread Mount		1130.00	750.00	937.50	900.00	885.00		main	238
main-item-0238	item	Обвесы	6	44	ДТК для HK417		1130.00	750.00	937.50	900.00	885.00		main	239
main-item-0239	item	Обвесы	6	45	Пистолетный компенсатор		3000.00	2000.00	2500.00	2400.00	2360.00		main	240
main-item-0240	item	Обвесы	6	46	Прицел M4A1 с рукояткой		1500.00	1000.00	1250.00	1200.00	1180.00		main	241
main-item-0241	item	Обвесы	6	47	Запасной механический прицел BUIS		1500.00	1000.00	1250.00	1200.00	1180.00		main	242
main-item-0242	item	Обвесы	6	48	Прицел Barska			5000.00	6250.00	6000.00	5900.00		main	243
main-item-0243	item	Обвесы	6	49	Коллиматорный прицел Leupold			5000.00	6250.00	6000.00	5900.00		main	244
main-item-0244	item	Обвесы	6	50	Коллиматорный прицел SIG			5000.00	6250.00	6000.00	5900.00		main	245
main-item-0245	item	Обвесы	6	51	Коллиматорный прицел БелОМО			5000.00	6250.00	6000.00	5900.00		main	246
main-item-0246	item	Обвесы	6	52	Колиматорный прицел EOTech			12000.00	15000.00	14400.00	14160.00		main	247
main-item-0247	item	Обвесы	6	53	Универсальный фонарик		3750.00	2500.00	3125.00	3000.00	2950.00		main	248
main-item-0248	item	Обвесы	6	54	Пластиковое цевьё Mossberg 590		3000.00	2000.00	2500.00	2400.00	2360.00		main	249
main-item-0249	item	Обвесы	6	55	Тактическое цевьё Mossberg 590		6000.00	4000.00	5000.00	4800.00	4720.00		main	250
main-item-0250	item	Обвесы	6	56	Тактическое цевьё Mossberg 590 (с фонариком)			15000.00	18750.00	18000.00	17700.00		main	251
main-item-0251	item	Обвесы	6	57	Пластиковая ручка Mossberg 590		1500.00	1000.00	1250.00	1200.00	1180.00		main	252
main-item-0252	item	Обвесы	6	58	Деревянное ложе для Mossberg 590		2250.00	1500.00	1875.00	1800.00	1770.00		main	253
main-item-0253	item	Обвесы	6	59	Пластиковое ложе для Mossberg 590		7500.00	5000.00	6250.00	6000.00	5900.00		main	254
main-item-0254	item	Обвесы	6	60	Тактическое ложе для Mossberg 590			15000.00	18750.00	18000.00	17700.00		main	255
main-item-0255	item	Обвесы	6	61	Универсальный фонарик (X400 ULTRA и Клещ)		6000.00	4000.00	5000.00	4800.00	4720.00		main	256
main-item-0259	item	Жилеты	7	1	Бронежилет Булат			17000.00	21250.00	20400.00	20060.00		main	260
main-item-0260	item	Жилеты	7	2	Бронежилет JPC (черный)			10000.00	12500.00	12000.00	11800.00		main	261
main-item-0261	item	Жилеты	7	3	Бронежилет JPC (черный, с карманами)			12000.00	15000.00	14400.00	14160.00		main	262
main-item-0262	item	Жилеты	7	4	Бронежилет TacTec (черный, с карманами)			10000.00	12500.00	12000.00	11800.00		main	263
main-item-0263	item	Жилеты	7	5	Броня для ног			20000.00	25000.00	24000.00	23600.00		main	264
main-item-0264	item	Жилеты	7	6	Кобура (серая)		1500.00	1000.00	1250.00	1200.00	1180.00		main	265
main-item-0265	item	Жилеты	7	7	Пистолетная кобура (Черный с серым)		1800.00	1200.00	1500.00	1440.00	1416.00	Не продавайте черную с песчанным	main	266
main-item-0266	item	Жилеты	7	8	Подсумки (6 литров и 2 магазина, черный с серым)		3000.00	2000.00	2500.00	2400.00	2360.00		main	267
main-item-0267	item	Жилеты	7	9	Подсумки (3 магазина, черный с серым)		2250.00	1500.00	1875.00	1800.00	1770.00		main	268
main-item-0268	item	Жилеты	7	10	Корсар-М2 (20+12 литров. 3,4,5)		22500.00	15000.00	18750.00	18000.00	17700.00		main	269
main-item-0269	item	Жилеты	7	11	Бронижилет Экзоскелета (ТБ-1) облегченный (3, 4, 5)		15000.00	10000.00	12500.00	12000.00	11800.00		main	270
main-item-0271	item	Рюкзаки	8	1	Универсальная поясная сумка (20 литров)			3500.00	4375.00	4200.00	4130.00		main	272
main-item-0272	item	Рюкзаки	8	2	Чехол для винтовки с подсумками (Винтовка и 8 литров)		30000.00	20000.00	25000.00	24000.00	23600.00		main	273
main-item-0273	item	Рюкзаки	8	3	Рюкзак Заря М1 (56 + 16 литров)		54000.00	36000.00	45000.00	43200.00	42480.00		main	274
main-item-0274	item	Рюкзаки	8	4	Военный рюкзак (48 литров, черный)		21000.00	14000.00	17500.00	16800.00	16520.00		main	275
main-item-0275	item	Рюкзаки	8	5	Ребризер (5 часов 42 минуты, черный или зеленый)		45000.00	30000.00	37500.00	36000.00	35400.00		main	276
main-item-0277	item	Противогазы	9	1	Респиратор РУ-60 (110, серый)		18000.00	12000.00	15000.00	14400.00	14160.00		main	278
main-item-0278	item	Противогазы	9	2	Противогаз ПМК-40 (110)			12000.00	15000.00	14400.00	14160.00		main	279
main-item-0279	item	Противогазы	9	3	Противогазная Маска Булат (110)			10050.00	12562.50	12060.00	11859.00		main	280
main-item-0280	item	Противогазы	9	4	Респиратор РУ-60 (170, серый)		30000.00	20000.00	25000.00	24000.00	23600.00		main	281
main-item-0281	item	Противогазы	9	5	Противогаз ПМК-40 (170)			20000.00	25000.00	24000.00	23600.00		main	282
main-item-0282	item	Противогазы	9	6	Противогазная Маска Булат (170)			16000.00	20000.00	19200.00	18880.00		main	283
main-item-0283	item	Противогазы	9	7	Респиратор РУ-60 (230, серый)		46500.00	31000.00	38750.00	37200.00	36580.00		main	284
main-item-0284	item	Противогазы	9	8	Противогаз ПМК-40 (230)			31000.00	38750.00	37200.00	36580.00		main	285
main-item-0285	item	Противогазы	9	9	Противогазная Маска Булат (230)			27000.00	33750.00	32400.00	31860.00		main	286
main-item-0286	item	Противогазы	9	10	Респиратор РУ-60 (290, серый)			70000.00	87500.00	84000.00	82600.00		main	287
main-item-0287	item	Противогазы	9	11	Противогаз ПМК-40 (290)			70000.00	87500.00	84000.00	82600.00		main	288
main-item-0288	item	Противогазы	9	12	Противогазная Маска Булат (290)			57000.00	71250.00	68400.00	67260.00		main	289
main-item-0290	item	Одежда	10	1	Куртка комплекта ПС5-М (полностью черный)			5000.00	6250.00	6000.00	5900.00		main	291
main-item-0291	item	Одежда	10	2	Штаны комплекта ПС5-М (полностью черный)			5000.00	6250.00	6000.00	5900.00		main	292
main-item-0292	item	Одежда	10	3	Штаны с наколенниками (черные)		4500.00	3000.00	3750.00	3600.00	3540.00		main	293
main-item-0293	item	Одежда	10	4	Модульный пояс (16 литров + 3 сумки + кобура)		10500.00	7000.00	8750.00	8400.00	8260.00		main	294
main-item-0294	item	Одежда	10	5	Модульный пояс (8 литров + 3 сумки + кобура)		5250.00	3500.00	4375.00	4200.00	4130.00		main	295
main-item-0295	item	Одежда	10	6	Военный пояс		1130.00	750.00	937.50	900.00	885.00		main	296
main-item-0296	item	Одежда	10	7	Ботинки (ассортимент)		3750.00	2500.00	3125.00	3000.00	2950.00		main	297
main-item-0297	item	Одежда	10	8	Военные ботинки (ассортимент)		6000.00	4000.00	5000.00	4800.00	4720.00		main	298
main-item-0298	item	Одежда	10	9	Защитные ботинки			6000.00	7500.00	7200.00	7080.00		main	299
main-item-0299	item	Одежда	10	10	Перчатки из тряпок (черные)		230.00	150.00	187.50	180.00	177.00		main	300
main-item-0300	item	Одежда	10	11	Омоновские перчатки		1500.00	1000.00	1250.00	1200.00	1180.00		main	301
main-item-0301	item	Одежда	10	12	Защитные перчатки			4000.00	5000.00	4800.00	4720.00		main	302
main-item-0302	item	Одежда	10	13	Перчатки (ассортимемнт)			800.00	1000.00	960.00	944.00		main	303
main-item-0303	item	Одежда	10	14	Поясная сумка (6 литров. Ассортимент)		3000.00	2000.00	2500.00	2400.00	2360.00	Часть ассортимента идет после нашивок. Не продайте нашу расцветку	main	304
main-item-0304	item	Одежда	10	15	Поясная сумка (12 литров. Ассортимент)		6750.00	4500.00	5625.00	5400.00	5310.00	Часть ассортимента идет после нашивок. Не продайте нашу расцветку	main	305
main-item-0305	item	Одежда	10	16	РПС 1 Заря (20 литров)		10500.00	7000.00	8750.00	8400.00	8260.00		main	306
main-item-0306	item	Одежда	10	17	РПС 2 Заря (12+12 литров)		13500.00	9000.00	11250.00	10800.00	10620.00		main	307
main-item-0307	item	Одежда	10	18	Шерстяные перчатки (Ассортимент)		1200.00	800.00	1000.00	960.00	944.00		main	308
main-item-0308	item	Одежда	10	19	Перчатки без пальцев (Ассортимент)		1200.00	800.00	1000.00	960.00	944.00		main	309
main-item-0309	item	Одежда	10	20	Нашивка (Ассортимент)		750.00	500.00	625.00	600.00	590.00	Не продайте случайно нашивку с нашей символикой	main	310
main-item-0310	item	Одежда	10	21	РПС (Булат)			6000.00	7500.00	7200.00	7080.00		main	311
main-item-0311	item	Одежда	10	22	Подсумки (Булат)			4000.00	5000.00	4800.00	4720.00		main	312
main-item-0313	item	Шапки И Шлема	11	1	Кепка (черная)		450.00	300.00	375.00	360.00	354.00		main	314
main-item-0314	item	Шапки И Шлема	11	2	Бандана (ассортимент)		450.00	300.00	375.00	360.00	354.00		main	315
main-item-0315	item	Шапки И Шлема	11	3	Шапка (черная)		600.00	400.00	500.00	480.00	472.00		main	316
main-item-0316	item	Шапки И Шлема	11	4	Активные наушники			500.00	625.00	600.00	590.00		main	317
main-item-0317	item	Шапки И Шлема	11	5	Кепка с нашивкой (ассортимент)		450.00	300.00	375.00	360.00	354.00		main	318
main-item-0318	item	Шапки И Шлема	11	6	Маска на лицо		750.00	500.00	625.00	600.00	590.00		main	319
main-item-0319	item	Шапки И Шлема	11	7	Маска трансформер (Ассортимент)		1200.00	800.00	1000.00	960.00	944.00		main	320
main-item-0320	item	Шапки И Шлема	11	8	Балаклава (Ассортимент)		600.00	400.00	500.00	480.00	472.00		main	321
main-item-0321	item	Шапки И Шлема	11	9	Повязка на глаз (Старая)			400.00	500.00	480.00	472.00		main	322
main-item-0322	item	Шапки И Шлема	11	10	Маска из тряпок (белая)		300.00	200.00	250.00	240.00	236.00		main	323
main-item-0323	item	Шапки И Шлема	11	11	Очки в толстой оправе			1000.00	1250.00	1200.00	1180.00		main	324
main-item-0324	item	Шапки И Шлема	11	12	Очки в тонкой оправе			1000.00	1250.00	1200.00	1180.00		main	325
main-item-0325	item	Шапки И Шлема	11	13	Повязка на глаз (Ткань)		300.00	200.00	250.00	240.00	236.00		main	326
main-item-0326	item	Шапки И Шлема	11	14	Повязка на глаз (Синтетика)		600.00	400.00	500.00	480.00	472.00		main	327
extra-item-0001	item	Медицина	1	32	Армейская аптечка			10000.00	12500.00	12000.00	11800.00		extra	2
extra-item-0003	item	Патроны И Магазины	2	50	7,62x54 Обычный+			20000.00	25000.00	24000.00	23600.00	Предлагать только пачкой по 2 россыпи (20 патрон)	extra	4
extra-item-0004	item	Патроны И Магазины	2	51	7,62x51 Обычный+			18000.00	22500.00	21600.00	21240.00	Предлагать только пачкой по 2 россыпи (20 патрон)	extra	5
extra-item-0005	item	Патроны И Магазины	2	52	ВОГ-25			40000.00	50000.00	48000.00	47200.00		extra	6
extra-item-0006	item	Патроны И Магазины	2	53	M381 HE			35000.00	43750.00	42000.00	41300.00		extra	7
extra-item-0007	item	Патроны И Магазины	2	54	Дымовой ВОГ			3000.00	3750.00	3600.00	3540.00		extra	8
extra-item-0008	item	Патроны И Магазины	2	55	Патрон (для NATO подствольников дымовой)			2000.00	2500.00	2400.00	2360.00		extra	9
extra-item-0010	item	Расходники И Полезное Снаряжение	4	74	Ремкомплект Автомат RU			30000.00	37500.00	36000.00	35400.00		extra	11
extra-item-0011	item	Расходники И Полезное Снаряжение	4	75	Ремкомплект Автомат NATO			30000.00	37500.00	36000.00	35400.00		extra	12
extra-item-0012	item	Расходники И Полезное Снаряжение	4	76	Детектор Медведь			175000.00	218750.00	210000.00	206500.00		extra	13
extra-item-0014	item	Оружие	5	16	АК-74 (обвесы Magpul, качественная пистолетная рукоятка, ДТК АК Альфа)			110000.00	137500.00	132000.00	129800.00		extra	15
extra-item-0015	item	Оружие	5	17	АК-101 (обвесы Magpul, качественная пистолетная рукоятка, ДТК АК Альфа)			115000.00	143750.00	138000.00	135700.00		extra	16
extra-item-0016	item	Оружие	5	18	АКС-74У (Лёгкий приклад, качественная пистолетная рукоятка, расширенное цевьё Зенит, ДТК РПК, рукоятка Tango)			40000.00	50000.00	48000.00	47200.00		extra	17
extra-item-0017	item	Оружие	5	19	АКМ (обвесы Magpul, качественная пистолетная рукоятка, ДТК АК Альфа)			100000.00	125000.00	120000.00	118000.00		extra	18
extra-item-0018	item	Оружие	5	20	АН-94 «Абакан» (Приклад Magpul и качественная пистолетная рукоятка)			125000.00	156250.00	150000.00	147500.00		extra	19
extra-item-0019	item	Оружие	5	21	ОЦ-14-1 «Гроза» (Тактическое цевьё и качественная пистолетная рукоятка)			125000.00	156250.00	150000.00	147500.00		extra	20
extra-item-0020	item	Оружие	5	22	ПП-19-01 «Витязь» (Лёгкий приклад, пистолетная рукоятка АН-94, цевьё Magpul, рукоятка Tango, пистолетный компенсатор)			24000.00	30000.00	28800.00	28320.00		extra	21
extra-item-0022	item	Обвесы	6	62	Подствольный гранатомёт ГП-25			90000.00	112500.00	108000.00	106200.00		extra	23
extra-item-0023	item	Обвесы	6	63	Подствольный гранатомёт ГП-25 ОЦ14			90000.00	112500.00	108000.00	106200.00		extra	24
extra-item-0024	item	Обвесы	6	64	Подствольный гранатомёт М203			80000.00	100000.00	96000.00	94400.00		extra	25
extra-item-0025	item	Обвесы	6	65	Подствольный гранатомёт FN2000			80000.00	100000.00	96000.00	94400.00		extra	26
extra-item-0026	item	Обвесы	6	66	Адаптер приклада для АК-12			10000.00	12500.00	12000.00	11800.00		extra	27
extra-item-0027	item	Обвесы	6	67	Адаптер приклада для АК			10000.00	12500.00	12000.00	11800.00		extra	28
extra-item-0028	item	Обвесы	6	68	Адаптер приклада для СВД			15000.00	18750.00	18000.00	17700.00		extra	29
extra-item-0029	item	Обвесы	6	69	Адаптер приклада для 9А-91			15000.00	18750.00	18000.00	17700.00		extra	30
extra-item-0030	item	Обвесы	6	70	Адаптер приклада для АС ВАЛ			15000.00	18750.00	18000.00	17700.00		extra	31
extra-item-0031	item	Обвесы	6	71	Адаптер приклада для SG550			10000.00	12500.00	12000.00	11800.00		extra	32
extra-item-0033	item	Жилеты	7	12	Бронепластина 3		22500.00	15000.00	18750.00	18000.00	17700.00		extra	34
extra-item-0034	item	Жилеты	7	13	Бронепластина 4		60000.00	40000.00	50000.00	48000.00	47200.00		extra	35
extra-item-0035	item	Жилеты	7	14	Бронепластина 5			80000.00	100000.00	96000.00	94400.00		extra	36
extra-item-0037	item	Рюкзаки	8	6	Оружейная сумка (Место под 3 оружия, 16+16+16 литров)			50000.00	62500.00	60000.00	59000.00		extra	38
extra-item-0039	item	Шапки И Шлема	11	15	Защитная пластина 3			40000.00	50000.00	48000.00	47200.00		extra	40
extra-item-0040	item	Шапки И Шлема	11	16	Защитная пластина 4			60000.00	75000.00	72000.00	70800.00		extra	41
build-bundle-0002	bundle	Сборки / Ружья	12	1	ИЖ-27	ИЖ-27		3200.00	4000.00	3900.00	3800.00		builds	3
build-bundle-0003	bundle	Сборки / Ружья	12	2	Mossberg 590 — минимальный	Mossberg 590; Деревянное ложе Mossberg 590; Пластиковое цевьё Mossberg 590		13500.00	17400.00	16200.00	16200.00		builds	4
build-bundle-0004	bundle	Сборки / Ружья	12	3	Mossberg 590 — стандартный	Mossberg 590; Пластиковое ложе Mossberg 590; Тактическое цевьё Mossberg 590; Прицел на выбор (Barska, Leupold, SIG, БелОМО); Батарейка		24500.00	31230.00	29400.00	29190.00		builds	5
build-bundle-0005	bundle	Сборки / Ружья	12	4	Mossberg 590 — тактический	Mossberg 590; Тактическое ложе Mossberg 590; Тактическое цевьё с фонариком Mossberg 590; Прицел на выбор (Barska, Leupold, SIG, БелОМО); Батарейка - 2 штуки		46000.00	58560.00	55200.00	55080.00		builds	6
build-bundle-0006	bundle	Сборки / Ружья	12	5	Benelli M4 — отдельно	Benelli M4		30000.00	38000.00	36000.00	36000.00		builds	7
build-bundle-0007	bundle	Сборки / Ружья	12	6	Benelli M4 — комфортная	Benelli M4; Прицел на выбор (Barska, Leupold, SIG, БелОМО); Батарейка		35500.00	44930.00	42600.00	42490.00		builds	8
build-bundle-0008	bundle	Сборки / Ружья	12	7	Benelli M4 — тактическая	Benelli M4; Прицел на выбор (Barska, Leupold, SIG, БелОМО); Универсальный фонарик (обычный); Батарейка - 2 штуки		38500.00	48760.00	46200.00	46080.00		builds	9
build-bundle-0009	bundle	Сборки / Ружья	12	8	Сайга-12 — минимальная	Сайга-12; Деревянное цевьё АК; Деревянный приклад АК; Пистолетная рукоятка АК; ДТК для Сайги-12; Крышка ствольной коробки АКМ; Магазин на 8 патронов - 3 штуки		50000.00	62900.00	60000.00	60000.00		builds	10
build-bundle-0010	bundle	Сборки / Ружья	12	9	Сайга-12 — полимерная	Сайга-12; Полимерное цевьё АК; Полимерный приклад АК; Пистолетная рукоятка АКМ или АН-94; ДТК для Сайги-12; Крышка ствольной коробки АК-74; Крепление для прицела АК; Прицел на выбор (Barska, Leupold, SIG, БелОМО); Магазин на 8 патронов - 5 штук; Батарейка		64750.00	81230.00	77700.00	77590.00		builds	11
build-bundle-0012	bundle	Сборки / Пистолеты	13	1	Пистолет Макарова	Пистолет Макарова; Магазин ПМ - 3 штуки		2100.00	2640.00	2580.00	2580.00		builds	13
build-bundle-0013	bundle	Сборки / Пистолеты	13	2	SIG Sauer P226 — дешёвый	SIG Sauer P226; Магазин SIG Sauer P226 15 патронов - 3 штуки		7100.00	8940.00	8520.00	8390.00		builds	14
build-bundle-0014	bundle	Сборки / Пистолеты	13	3	SIG Sauer P226 — оптимальный	SIG Sauer P226; Магазин SIG Sauer P226 15 патронов - 3 штуки; Пистолетный компенсатор		9100.00	11440.00	10920.00	10790.00		builds	15
build-bundle-0016	bundle	Сборки / Пистолеты-Пулемёты	14	1	ПП-91 «Кедр» — дешёвый	ПП-91 «Кедр»; Магазин ПП-91 «Кедр» 20 патронов - 3 штуки		9950.00	12460.00	12000.00	11810.00		builds	17
build-bundle-0017	bundle	Сборки / Пистолеты-Пулемёты	14	2	ПП-91 «Кедр» — оптимальный	ПП-91 «Кедр»; Магазин ПП-91 «Кедр» 30 патронов - 3 штуки		11000.00	13900.00	13200.00	13100.00		builds	18
build-bundle-0018	bundle	Сборки / Пистолеты-Пулемёты	14	3	ПП-91 «Кедр» — комфортный	ПП-91 «Кедр»; Магазин ПП-91 «Кедр» 30 патронов - 5 штук		13000.00	16500.00	15600.00	15500.00		builds	19
build-bundle-0019	bundle	Сборки / Пистолеты-Пулемёты	14	4	ПП-19-01 «Витязь» — минимальный	ПП-19-01 «Витязь»; Магазин ПП-19-01 «Витязь» 30 патронов - 3 штуки; Приклад металлический для АКС-74; Крышка ствольной коробки ПП-19; Деревянное цевьё АК; Пистолетная рукоятка АК (6П1 Сб.8); Пистолетный компенсатор		29250.00	37520.00	35900.00	34870.00		builds	20
build-bundle-0020	bundle	Сборки / Пистолеты-Пулемёты	14	5	ПП-19-01 «Витязь» — комфортный	ПП-19-01 «Витязь»; Магазин ПП-19-01 «Витязь» 30 патронов - 5 штук; Лёгкий приклад АКС-74У; Крышка ствольной коробки ПП-19 тактическая; Полимерное цевьё АК; Пистолетная рукоятка АКМ или АН-94; Пистолетный компенсатор; Прицел на выбор (Barska, Leupold, SIG, БелОМО); Батарейка		47500.00	60330.00	57800.00	56540.00		builds	21
build-bundle-0021	bundle	Сборки / Пистолеты-Пулемёты	14	6	ПП-19-01 «Витязь» — тактический	ПП-19-01 «Витязь»; Магазин ПП-19-01 «Витязь» 30 патронов - 5 штук; Лёгкий приклад АКС-74У; Крышка ствольной коробки ПП-19 тактическая; Цевьё Зенит Б-11; Пистолетная рукоятка АКМ или АН-94; Пистолетный компенсатор; Универсальный фонарик; Рукоятка Tango; Прицел на выбор (Barska, Leupold, SIG, БелОМО); Батарейка - 2 штуки		54000.00	68560.00	65600.00	64330.00		builds	22
build-bundle-0022	bundle	Сборки / Пистолеты-Пулемёты	14	7	ПП-19-01 «Витязь» — долларовый	ПП-19-01 «Витязь»; Лёгкий приклад АКС-74У; Крышка ствольной коробки ПП-19; Цевьё Magpul MOE; Пистолетная рукоятка АН-94; Рукоятка Tango; Пистолетный компенсатор; Магазин ПП-19-01 «Витязь» 30 патронов - 5 штук		27750.00	34700.00	33500.00	33500.00		builds	23
build-bundle-0023	bundle	Сборки / Пистолеты-Пулемёты	14	8	Steyr AUG A3 .45ACP — минимальный	Steyr AUG A3 .45ACP; Магазин Steyr AUG A3 .45ACP 25 патронов - 3 штуки		27600.00	34500.00	33500.00	33500.00		builds	24
build-bundle-0024	bundle	Сборки / Пистолеты-Пулемёты	14	9	Steyr AUG A3 .45ACP — оптимальный	Steyr AUG A3 .45ACP; Магазин Steyr AUG A3 .45ACP 25 патронов - 5 штук; Прицел на выбор (Barska, Leupold, SIG, БелОМО); Батарейка		35500.00	44430.00	43100.00	42990.00		builds	25
build-bundle-0025	bundle	Сборки / Пистолеты-Пулемёты	14	10	Steyr AUG A3 .45ACP — тактический	Steyr AUG A3 .45ACP; Магазин Steyr AUG A3 .45ACP 25 патронов - 3 штуки; Универсальный фонарик; Рукоятка Tango; Прицел на выбор (Barska, Leupold, SIG, БелОМО); Батарейка - 2 штуки		42000.00	52660.00	50900.00	50780.00		builds	26
build-bundle-0027	bundle	Сборки / Винтовки	15	1	СКС Дерево	СКС Дерево; ДТК 7.62x39 для АКМ (6П10 0-14)		19750.00	24940.00	23900.00	23890.00		builds	28
build-bundle-0028	bundle	Сборки / Винтовки	15	2	СКС Тактическая — минимальный	СКС Тактическая; Короткий приклад M4A1; Пистолетная рукоятка АК (6П1 Сб.8); ДТК для СКС; Магазин СКС 20 патронов - 3 штуки		37750.00	47440.00	45900.00	44890.00		builds	29
build-bundle-0029	bundle	Сборки / Винтовки	15	3	СКС Тактическая — оптимальная	СКС Тактическая; Приклад MP для M4A1; Прицел на выбор (Barska, Leupold, SIG, БелОМО); Пистолетная рукоятка АКМ или АН-94; ДТК 5.45 для РПК-16; Магазин СКС 20 патронов - 5 штук; Батарейка		51750.00	65130.00	62700.00	61590.00		builds	30
build-bundle-0030	bundle	Сборки / Винтовки	15	4	СКС Тактическая — комфортная	СКС Тактическая; Приклад MP для M4A1; Прицел на выбор (Barska, Leupold, SIG, БелОМО); Пистолетная рукоятка АКМ или АН-94; ДТК 5.45 для РПК-16; Рукоятка Tango; Универсальный фонарик; Магазин СКС 20 патронов - 5 штук; Батарейка - 2 штуки		58250.00	73360.00	70500.00	69380.00		builds	31
build-bundle-0031	bundle	Сборки / Винтовки	15	5	СВ-98	СВ-98; Оптический прицел Black Bridge 4-16x44		150000.00	190000.00	180000.00	177000.00		builds	32
build-bundle-0033	bundle	Сборки / Автоматы	16	1	АК-74 — стандартный	АК-74; Деревянный приклад АК; Деревянное цевьё АК; Крышка ствольной коробки АКМ; Пистолетная рукоятка АК (6П1 Сб.8); ДТК 5.45 для АК-74 (6П20 0-20); Магазин АК-74 30 патронов - 3 штуки		79850.00	100740.00	96000.00	94990.00		builds	34
build-bundle-0034	bundle	Сборки / Автоматы	16	2	АК-74 — оптимальный	АК-74; Полимерный приклад АК; Полимерное цевьё АК; Крышка ствольной коробки АК; Пистолетная рукоятка АКМ или АН-94; ДТК 5.45 для РПК-16; Крепление для прицела АК; Прицел на выбор (Barska, Leupold, SIG, БелОМО); Батарейка; Магазин АК-74 30 патронов - 5 штук		103250.00	130230.00	124200.00	123090.00		builds	35
build-bundle-0035	bundle	Сборки / Автоматы	16	3	АК-74 — тактический	АК-74; Полимерный приклад АК; Цевьё Зенит Б-11; Крышка ствольной коробки АК-308 Тактическая; Пистолетная рукоятка АКМ или АН-94; ДТК 5.45 для РПК-16; Прицел на выбор (Barska, Leupold, SIG, БелОМО); Рукоятка Tango; Универсальный фонарик; Батарейка - 2 штуки; Полимерный магазин АК-74 30 патронов - 5 штук		118750.00	149660.00	143100.00	141980.00		builds	36
build-bundle-0036	bundle	Сборки / Автоматы	16	4	АК-74 — долларовый	АК-74; Приклад Magpul Zhukov-S; Качественная пистолетная рукоятка АК; ДТК АК Альфа; Цевьё Magpul MOE; Рукоятка Magpul «RVG»; Крышка ствольной коробки АК; Полимерный магазин АК-74 30 патронов - 5 штук		122500.00	156000.00	147000.00	145000.00		builds	37
build-bundle-0037	bundle	Сборки / Автоматы	16	5	АК-101 — стандартный	АК-101; Деревянный приклад АК; Деревянное цевьё АК; Крышка ствольной коробки АКМ; Пистолетная рукоятка АК (6П1 Сб.8); ДТК 5.45 для АК-74 (6П20 0-20); Магазин АК-101 30 патронов - 3 штуки		84850.00	106740.00	102000.00	100990.00		builds	38
build-bundle-0038	bundle	Сборки / Автоматы	16	6	АК-101 — оптимальный	АК-101; Полимерный приклад АК; Полимерное цевьё АК; Крышка ствольной коробки АК; Пистолетная рукоятка АКМ или АН-94; ДТК 5.45 для РПК-16; Крепление для прицела АК; Прицел на выбор (Barska, Leupold, SIG, БелОМО); Батарейка; Магазин АК-101 30 патронов - 5 штук		108250.00	136230.00	130200.00	129090.00		builds	39
build-bundle-0039	bundle	Сборки / Автоматы	16	7	АК-101 — тактический	АК-101; Полимерный приклад АК; Цевьё Зенит Б-11; Крышка ствольной коробки АК-308 Тактическая; Пистолетная рукоятка АКМ или АН-94; ДТК 5.45 для РПК-16; Прицел на выбор (Barska, Leupold, SIG, БелОМО); Рукоятка Tango; Универсальный фонарик; Батарейка - 2 штуки; Магазин АК-101 30 патронов - 5 штук		119750.00	150660.00	144600.00	143480.00		builds	40
build-bundle-0040	bundle	Сборки / Автоматы	16	8	АК-101 — долларовый	АК-101; Приклад Magpul Zhukov-S; Качественная пистолетная рукоятка АК; ДТК АК Альфа; Цевьё Magpul MOE; Рукоятка Magpul «RVG»; Крышка ствольной коробки АК; Магазин АК-101 30 патронов - 5 штук		123500.00	161000.00	150500.00	150500.00		builds	41
build-bundle-0041	bundle	Сборки / Автоматы	16	9	АКС-74У — стандартная	АКС-74У; Приклад металлический для АКС-74; Деревянное цевьё АКС-74У; Пистолетная рукоятка АК (6П1 Сб.8); Крышка ствольной коробки АКС-74У; ДТ 5.45 для АКС-74У (6П26 0-20); Магазин АК-74 30 патронов - 3 штуки		39850.00	50740.00	48000.00	47990.00		builds	42
build-bundle-0042	bundle	Сборки / Автоматы	16	10	АКС-74У — оптимальная	АКС-74У; Лёгкий приклад АКС-74У; Деревянное цевьё АКС-74У с рукояткой; Пистолетная рукоятка АКМ или АН-94; Крышка ствольной коробки АКС-74У тактическая; Прицел на выбор (Barska, Leupold, SIG, БелОМО); ДТК 5.45 для РПК-16; Магазин АК-74 30 патронов - 5 штук; Батарейка		60750.00	77130.00	73200.00	73090.00		builds	43
build-bundle-0043	bundle	Сборки / Автоматы	16	11	АКС-74У — тактическая	АКС-74У; Лёгкий приклад АКС-74У; Цевьё Зенит Б-11 АКС-74У; Пистолетная рукоятка АКМ или АН-94; Крышка ствольной коробки АКС-74У тактическая; Прицел на выбор (Barska, Leupold, SIG, БелОМО); Рукоятка Tango; Универсальный фонарик; ДТК 5.45 для РПК-16; Полимерный магазин АК-74 30 патронов - 5 штук; Батарейка - 2 штуки		69750.00	88460.00	83700.00	83580.00		builds	44
build-bundle-0044	bundle	Сборки / Автоматы	16	12	АКС-74У — долларовая	АКС-74У; Крышка ствольной коробки АКС-74; Цевьё Б-10 + Б12 АКС-74У; Качественная пистолетная рукоятка АК; ДТК 5.45 для РПК-16; Рукоятка Tango; Лёгкий приклад АКС-74У; Полимерный магазин АК-74 30 патронов - 5 штук		52500.00	66000.00	63000.00	63000.00		builds	45
build-bundle-0045	bundle	Сборки / Автоматы	16	13	АКМ — стандартный	АКМ; Деревянный приклад АК; Деревянное цевьё АК; Крышка ствольной коробки АКМ; Пистолетная рукоятка АК (6П1 Сб.8); ДТК 7.62x39 для АКМ (6П10 0-14); Магазин АКМ 30 патронов - 3 штуки		69850.00	87740.00	84000.00	82990.00		builds	46
build-bundle-0046	bundle	Сборки / Автоматы	16	14	АКМ — оптимальный	АКМ; Полимерный приклад АК; Полимерное цевьё АК; Крышка ствольной коробки АК; Пистолетная рукоятка АКМ или АН-94; ДТК 5.45 для РПК-16; Крепление для прицела АК; Прицел на выбор (Barska, Leupold, SIG, БелОМО); Батарейка; Магазин АКМ 30 патронов - 5 штук		93250.00	117230.00	112200.00	111090.00		builds	47
build-bundle-0047	bundle	Сборки / Автоматы	16	15	АКМ — тактический	АКМ; Полимерный приклад АК; Цевьё Зенит Б-11; Крышка ствольной коробки АК-308 Тактическая; Пистолетная рукоятка АКМ или АН-94; ДТК 5.45 для РПК-16; Прицел на выбор (Barska, Leupold, SIG, БелОМО); Рукоятка Tango; Универсальный фонарик; Батарейка - 2 штуки; Полимерный магазин АКМ 30 патронов - 5 штук		108750.00	136660.00	131100.00	129980.00		builds	48
build-bundle-0048	bundle	Сборки / Автоматы	16	16	АКМ — долларовый	АКМ; Приклад Magpul Zhukov-S; Качественная пистолетная рукоятка АК; ДТК АК Альфа; Цевьё Magpul MOE; Рукоятка Magpul «RVG»; Крышка ствольной коробки АКМ; Полимерный магазин АКМ 30 патронов - 5 штук		112500.00	141000.00	135000.00	135000.00		builds	49
build-bundle-0049	bundle	Сборки / Автоматы	16	17	АН-94 «Абакан» — долларовый	АН-94 «Абакан»; Приклад Magpul Zhukov-S; Качественная пистолетная рукоятка АК; Полимерный магазин АК-74 30 патронов - 5 штук		137500.00	176000.00	165000.00	165000.00		builds	50
build-bundle-0050	bundle	Сборки / Автоматы	16	18	ОЦ-14-1 «Гроза» — долларовая	ОЦ-14-1 «Гроза»; Тактическое цевьё ОЦ-14; Качественная пистолетная рукоятка АК; Полимерный магазин АКМ 30 патронов - 5 штук		137500.00	176000.00	165000.00	165000.00		builds	51
